<?xml version="1.0" encoding="UTF-8"?>
<server description="LightWeight Liberty Server">

	<featureManager>
		<feature>jaxrs-2.1</feature>
		<feature>jsonp-1.1</feature>
		<feature>jsonb-1.0</feature>
		<feature>cdi-2.0</feature>
		<feature>mpConfig-1.4</feature>
		<feature>mpRestClient-1.4</feature>
	</featureManager>

	<httpEndpoint id="defaultHttpEndpoint" httpPort="7000"
		httpsPort="8000" host="*" />

	<applicationManager autoExpand="true" />

	<webApplication contextRoot="/" location="pizza.war" />

</server>
